labelname,datefounded,dateclosed,region,,,,
Eu Limited,1925,1930,Western Cape,,,,"(N'Eu Limited', N'1925', N'1930', N'Western Cape'),"
Justo Institute,1909,1919,Volgograd Oblast,,,,"(N'Justo Institute', N'1909', N'1919', N'Volgograd Oblast'),"
Erat Associates,1921,1995,Viken,,,,"(N'Erat Associates', N'1921', N'1995', N'Viken'),"
Quisque Tincidunt Inc.,1933,,Bolívar,,,,"(N'Quisque Tincidunt Inc.', N'1933', N'', N'Bolívar'),"
Sed Malesuada Inc.,1916,,Australian Capital Territory,,,,"(N'Sed Malesuada Inc.', N'1916', N'', N'Australian Capital Territory'),"
Facilisi Sed Associates,1927,,Alajuela,,,,"(N'Facilisi Sed Associates', N'1927', N'', N'Alajuela'),"
At Fringilla Ltd,2000,,Thái Bình,,,,"(N'At Fringilla Ltd', N'2000', N'', N'Thái Bình'),"
Vivamus Associates,2013,,łódzkie,,,,"(N'Vivamus Associates', N'2013', N'', N'łódzkie'),"
Ut Sagittis Lobortis LLP,1991,,Davao Region,,,,"(N'Ut Sagittis Lobortis LLP', N'1991', N'', N'Davao Region'),"
Litora Torquent Per LLC,1910,,Benue,,,,"(N'Litora Torquent Per LLC', N'1910', N'', N'Benue'),"
Nibh Enim Incorporated,1948,,Rivne oblast,,,,"(N'Nibh Enim Incorporated', N'1948', N'', N'Rivne oblast'),"
Ac Metus Incorporated,1920,2010,Umbria,,,,"(N'Ac Metus Incorporated', N'1920', N'2010', N'Umbria'),"
Pellentesque Tincidunt Corp.,1983,1976,Mecklenburg-Vorpommern,,,,"(N'Pellentesque Tincidunt Corp.', N'1983', N'1976', N'Mecklenburg-Vorpommern'),"
Tellus Non Associates,1925,,Nottinghamshire,,,,"(N'Tellus Non Associates', N'1925', N'', N'Nottinghamshire'),"
Metus Consulting,1994,,Jammu and Kashmir,,,,"(N'Metus Consulting', N'1994', N'', N'Jammu and Kashmir'),"
Curabitur Vel Limited,1915,,Huádōng,,,,"(N'Curabitur Vel Limited', N'1915', N'', N'Huádōng'),"
Euismod Enim LLC,1937,,North-East Region,,,,"(N'Euismod Enim LLC', N'1937', N'', N'North-East Region'),"
Amet LLC,2009,1980,Lubuskie,,,,"(N'Amet LLC', N'2009', N'1980', N'Lubuskie'),"
Ut Molestie PC,1966,1933,Valle del Cauca,,,,"(N'Ut Molestie PC', N'1966', N'1933', N'Valle del Cauca'),"
Accumsan PC,1907,1940,North Region,,,,"(N'Accumsan PC', N'1907', N'1940', N'North Region'),"
Cursus Associates,1996,,British Columbia,,,,"(N'Cursus Associates', N'1996', N'', N'British Columbia'),"
Amet Corporation,1920,1957,Gilgit Baltistan,,,,"(N'Amet Corporation', N'1920', N'1957', N'Gilgit Baltistan'),"
Enim Commodo Corp.,1920,1978,Kujawsko-pomorskie,,,,"(N'Enim Commodo Corp.', N'1920', N'1978', N'Kujawsko-pomorskie'),"
Imperdiet Company,1969,1965,Xīnán,,,,"(N'Imperdiet Company', N'1969', N'1965', N'Xīnán'),"
Ligula Eu Enim Foundation,1940,1936,Lagos,,,,"(N'Ligula Eu Enim Foundation', N'1940', N'1936', N'Lagos'),"
Maecenas Iaculis Foundation,1904,1969,Podkarpackie,,,,"(N'Maecenas Iaculis Foundation', N'1904', N'1969', N'Podkarpackie'),"
Mauris Company,1946,,Burgenland,,,,"(N'Mauris Company', N'1946', N'', N'Burgenland'),"
Varius Orci Incorporated,1960,2010,Dalarnas län,,,,"(N'Varius Orci Incorporated', N'1960', N'2010', N'Dalarnas län'),"
Ac LLC,1929,1949,Guanacaste,,,,"(N'Ac LLC', N'1929', N'1949', N'Guanacaste'),"
Dapibus Quam Quis PC,1924,1969,Central Region,,,,"(N'Dapibus Quam Quis PC', N'1924', N'1969', N'Central Region'),"
Tincidunt Aliquam Inc.,1978,1900,Ceuta,,,,"(N'Tincidunt Aliquam Inc.', N'1978', N'1900', N'Ceuta'),"
Felis Eget Associates,1997,1985,Heredia,,,,"(N'Felis Eget Associates', N'1997', N'1985', N'Heredia'),"
Massa Quisque LLC,2001,1952,Lubelskie,,,,"(N'Massa Quisque LLC', N'2001', N'1952', N'Lubelskie'),"
Pede Nunc LLP,1999,,East Region,,,,"(N'Pede Nunc LLP', N'1999', N'', N'East Region'),"
Eu Dui Cum Corporation,1947,1990,National Capital Region,,,,"(N'Eu Dui Cum Corporation', N'1947', N'1990', N'National Capital Region'),"
Ullamcorper LLP,1950,1948,Saskatchewan,,,,"(N'Ullamcorper LLP', N'1950', N'1948', N'Saskatchewan'),"
Vitae Erat Incorporated,1907,1925,Hải Phòng,,,,"(N'Vitae Erat Incorporated', N'1907', N'1925', N'Hải Phòng'),"
Laoreet Limited,1939,1939,Wielkopolskie,,,,"(N'Laoreet Limited', N'1939', N'1939', N'Wielkopolskie'),"
Adipiscing Elit Foundation,2004,1948,Mpumalanga,,,,"(N'Adipiscing Elit Foundation', N'2004', N'1948', N'Mpumalanga'),"
Non Nisi Limited,1938,2006,Xīběi,,,,"(N'Non Nisi Limited', N'1938', N'2006', N'Xīběi'),"
Magnis Dis Parturient Consulting,1961,,Friesland,,,,"(N'Magnis Dis Parturient Consulting', N'1961', N'', N'Friesland'),"
Neque Consulting,1934,1948,Victoria,,,,"(N'Neque Consulting', N'1934', N'1948', N'Victoria'),"
Vitae Industries,2005,1975,Hessen,,,,"(N'Vitae Industries', N'2005', N'1975', N'Hessen'),"
Sed Nulla Limited,1952,1983,Kyiv oblast,,,,"(N'Sed Nulla Limited', N'1952', N'1983', N'Kyiv oblast'),"
Integer Sem Elit Corp.,1972,1988,Rogaland,,,,"(N'Integer Sem Elit Corp.', N'1972', N'1988', N'Rogaland'),"
Ut Sagittis Lobortis Corp.,2018,,Corse,,,,"(N'Ut Sagittis Lobortis Corp.', N'2018', N'', N'Corse'),"
Ipsum Phasellus Corp.,2006,1987,Marche,,,,"(N'Ipsum Phasellus Corp.', N'2006', N'1987', N'Marche'),"
Venenatis A LLC,1958,1958,Yên Bái,,,,"(N'Venenatis A LLC', N'1958', N'1958', N'Yên Bái'),"
Ultrices Posuere Cubilia Inc.,1999,2002,Poltava oblast,,,,"(N'Ultrices Posuere Cubilia Inc.', N'1999', N'2002', N'Poltava oblast'),"
In Inc.,1931,,Madrid,,,,"(N'In Inc.', N'1931', N'', N'Madrid'),"
At Auctor Incorporated,2001,2021,Connacht,,,,"(N'At Auctor Incorporated', N'2001', N'2021', N'Connacht'),"
Magna Et Institute,1978,1982,Lombardia,,,,"(N'Magna Et Institute', N'1978', N'1982', N'Lombardia'),"
Est Tempor Corp.,1965,2006,Kano,,,,"(N'Est Tempor Corp.', N'1965', N'2006', N'Kano'),"
Cubilia PC,1973,,Catalunya,,,,"(N'Cubilia PC', N'1973', N'', N'Catalunya'),"
Tellus Phasellus Elit PC,1918,,Vichada,,,,"(N'Tellus Phasellus Elit PC', N'1918', N'', N'Vichada'),"
Enim Nec PC,1996,,Guainía,,,,"(N'Enim Nec PC', N'1996', N'', N'Guainía'),"
Amet Consectetuer Consulting,1914,,Zhōngnán,,,,"(N'Amet Consectetuer Consulting', N'1914', N'', N'Zhōngnán'),"
Dictum Eu Limited,1971,,Tver Oblast,,,,"(N'Dictum Eu Limited', N'1971', N'', N'Tver Oblast'),"
Id Enim LLP,1950,,Ontario,,,,"(N'Id Enim LLP', N'1950', N'', N'Ontario'),"
Neque Morbi Quis Inc.,1940,,Queensland,,,,"(N'Neque Morbi Quis Inc.', N'1940', N'', N'Queensland'),"
Lacus Quisque Purus Institute,1983,,West Papua,,,,"(N'Lacus Quisque Purus Institute', N'1983', N'', N'West Papua'),"
Pretium Corp.,2015,,Sinaloa,,,,"(N'Pretium Corp.', N'2015', N'', N'Sinaloa'),"
Egestas Incorporated,1977,,Istanbul,,,,"(N'Egestas Incorporated', N'1977', N'', N'Istanbul'),"
Magna Ltd,1971,,Waals-Brabant,,,,"(N'Magna Ltd', N'1971', N'', N'Waals-Brabant'),"
Bibendum Donec Felis Ltd,1954,1973,Munster,,,,"(N'Bibendum Donec Felis Ltd', N'1954', N'1973', N'Munster'),"
Ultrices LLC,2005,1901,Heredia,,,,"(N'Ultrices LLC', N'2005', N'1901', N'Heredia'),"
Egestas Sed Pharetra Industries,2011,1911,Alajuela,,,,"(N'Egestas Sed Pharetra Industries', N'2011', N'1911', N'Alajuela'),"
Mattis Ltd,1979,1960,Mersin,,,,"(N'Mattis Ltd', N'1979', N'1960', N'Mersin'),"
Lorem Fringilla Foundation,1982,2010,Yukon,,,,"(N'Lorem Fringilla Foundation', N'1982', N'2010', N'Yukon'),"
Metus Vitae Velit Corporation,1902,1901,Coquimbo,,,,"(N'Metus Vitae Velit Corporation', N'1902', N'1901', N'Coquimbo'),"
Vitae Industries,1949,,North Island,,,,"(N'Vitae Industries', N'1949', N'', N'North Island'),"
Nam Consequat Institute,1926,,Aberdeenshire,,,,"(N'Nam Consequat Institute', N'1926', N'', N'Aberdeenshire'),"
Nullam Velit Dui Corp.,1967,1920,Waals-Brabant,,,,"(N'Nullam Velit Dui Corp.', N'1967', N'1920', N'Waals-Brabant'),"
Etiam Gravida PC,2006,,Veracruz,,,,"(N'Etiam Gravida PC', N'2006', N'', N'Veracruz'),"
Enim Incorporated,1914,1935,North Region,,,,"(N'Enim Incorporated', N'1914', N'1935', N'North Region'),"
Non Associates,2022,1908,Canarias,,,,"(N'Non Associates', N'2022', N'1908', N'Canarias'),"
Mollis Corporation,1971,1953,Ontario,,,,"(N'Mollis Corporation', N'1971', N'1953', N'Ontario'),"
Facilisi Sed Ltd,1997,1988,Vinnytsia oblast,,,,"(N'Facilisi Sed Ltd', N'1997', N'1988', N'Vinnytsia oblast'),"
Quam Foundation,1911,2011,Wyoming,,,,"(N'Quam Foundation', N'1911', N'2011', N'Wyoming'),"
Viverra Donec Tempus Corp.,1908,2017,Dōngběi,,,,"(N'Viverra Donec Tempus Corp.', N'1908', N'2017', N'Dōngběi'),"
Cras Interdum Ltd,1956,2000,Amazonas,,,,"(N'Cras Interdum Ltd', N'1956', N'2000', N'Amazonas'),"
Et Arcu PC,1993,1920,Denbighshire,,,,"(N'Et Arcu PC', N'1993', N'1920', N'Denbighshire'),"
Vestibulum Ante Inc.,1978,2001,Stockholms län,,,,"(N'Vestibulum Ante Inc.', N'1978', N'2001', N'Stockholms län'),"
Tellus Consulting,1951,1905,Sicilia,,,,"(N'Tellus Consulting', N'1951', N'1905', N'Sicilia'),"
Aliquam Tincidunt Institute,2006,,Vestfold og Telemark,,,,"(N'Aliquam Tincidunt Institute', N'2006', N'', N'Vestfold og Telemark'),"
Lectus Pede Ultrices Ltd,1972,,Goiás,,,,"(N'Lectus Pede Ultrices Ltd', N'1972', N'', N'Goiás'),"
Eget Incorporated,1973,1915,Tyrol,,,,"(N'Eget Incorporated', N'1973', N'1915', N'Tyrol'),"
Ipsum Nunc Associates,1900,,Mykolaiv oblast,,,,"(N'Ipsum Nunc Associates', N'1900', N'', N'Mykolaiv oblast'),"
A Scelerisque Sed Limited,1988,1981,Şanlıurfa,,,,"(N'A Scelerisque Sed Limited', N'1988', N'1981', N'Şanlıurfa'),"
Metus In Lorem Inc.,1967,1916,Jönköpings län,,,,"(N'Metus In Lorem Inc.', N'1967', N'1916', N'Jönköpings län'),"
Egestas Aliquam Institute,1907,1921,Bursa,,,,"(N'Egestas Aliquam Institute', N'1907', N'1921', N'Bursa'),"
Eget Massa Suspendisse Ltd,1980,1977,Balıkesir,,,,"(N'Eget Massa Suspendisse Ltd', N'1980', N'1977', N'Balıkesir'),"
A Limited,1974,1902,Heredia,,,,"(N'A Limited', N'1974', N'1902', N'Heredia'),"
Aliquet Incorporated,2001,1920,Lambayeque,,,,"(N'Aliquet Incorporated', N'2001', N'1920', N'Lambayeque'),"
Molestie Sed Id LLC,1989,1958,Ulster,,,,"(N'Molestie Sed Id LLC', N'1989', N'1958', N'Ulster'),"
Libero Integer Limited,2001,1905,Jeju,,,,"(N'Libero Integer Limited', N'2001', N'1905', N'Jeju'),"
Natoque Ltd,1925,1960,Chernihiv oblast,,,,"(N'Natoque Ltd', N'1925', N'1960', N'Chernihiv oblast'),"
Velit Eget Laoreet Inc.,2010,1944,East Lothian,,,,"(N'Velit Eget Laoreet Inc.', N'2010', N'1944', N'East Lothian'),"
Nisi Dictum LLC,1906,1906,Sokoto,,,,"(N'Nisi Dictum LLC', N'1906', N'1906', N'Sokoto'),"
Aenean Euismod Foundation,1998,,Virginia,,,,"(N'Aenean Euismod Foundation', N'1998', N'', N'Virginia'),"
Integer Vulputate Risus Associates,1995,1971,North Chungcheong,,,,"(N'Integer Vulputate Risus Associates', N'1995', N'1971', N'North Chungcheong'),"
Odio Tristique LLP,1959,,Hậu Giang,,,,"(N'Odio Tristique LLP', N'1959', N'', N'Hậu Giang'),"
Enim Non Nisi LLC,1921,2019,Quebec,,,,"(N'Enim Non Nisi LLC', N'1921', N'2019', N'Quebec'),"
Id Ante Dictum Associates,1917,1985,Dalarnas län,,,,"(N'Id Ante Dictum Associates', N'1917', N'1985', N'Dalarnas län'),"
Morbi Tristique Company,2002,2007,Salzburg,,,,"(N'Morbi Tristique Company', N'2002', N'2007', N'Salzburg'),"
Euismod Ac Fermentum Foundation,1979,,Bursa,,,,"(N'Euismod Ac Fermentum Foundation', N'1979', N'', N'Bursa'),"
Natoque LLC,1990,,KwaZulu-Natal,,,,"(N'Natoque LLC', N'1990', N'', N'KwaZulu-Natal'),"
Vehicula Et Rutrum Ltd,1905,,Emilia-Romagna,,,,"(N'Vehicula Et Rutrum Ltd', N'1905', N'', N'Emilia-Romagna'),"
In Tempus Industries,1967,,Tennessee,,,,"(N'In Tempus Industries', N'1967', N'', N'Tennessee'),"
Accumsan Sed Incorporated,1953,,Comunitat Valenciana,,,,"(N'Accumsan Sed Incorporated', N'1953', N'', N'Comunitat Valenciana'),"
Viverra Donec Tempus Corporation,1920,,Berlin,,,,"(N'Viverra Donec Tempus Corporation', N'1920', N'', N'Berlin'),"
Mauris LLC,1955,,Saarland,,,,"(N'Mauris LLC', N'1955', N'', N'Saarland'),"
Mi Tempor LLC,1958,1961,Ankara,,,,"(N'Mi Tempor LLC', N'1958', N'1961', N'Ankara'),"
Lorem Ipsum Industries,1955,1998,Cordillera Administrative Region,,,,"(N'Lorem Ipsum Industries', N'1955', N'1998', N'Cordillera Administrative Region'),"
Egestas Blandit Nam Inc.,1986,1941,Jönköpings län,,,,"(N'Egestas Blandit Nam Inc.', N'1986', N'1941', N'Jönköpings län'),"
Pharetra Nibh Corporation,1902,1973,Luhansk oblast,,,,"(N'Pharetra Nibh Corporation', N'1902', N'1973', N'Luhansk oblast'),"
Sem Egestas Blandit Foundation,2019,1926,Cantabria,,,,"(N'Sem Egestas Blandit Foundation', N'2019', N'1926', N'Cantabria'),"
Sed Diam Inc.,1936,1915,Opolskie,,,,"(N'Sed Diam Inc.', N'1936', N'1915', N'Opolskie'),"
Auctor Vitae Industries,1997,,Huádōng,,,,"(N'Auctor Vitae Industries', N'1997', N'', N'Huádōng'),"
Semper Erat Consulting,2006,1921,FATA,,,,"(N'Semper Erat Consulting', N'2006', N'1921', N'FATA'),"
Velit Aliquam Nisl Institute,1989,,Northern Territory,,,,"(N'Velit Aliquam Nisl Institute', N'1989', N'', N'Northern Territory'),"
Luctus Vulputate Nisi Inc.,1928,,East Java,,,,"(N'Luctus Vulputate Nisi Inc.', N'1928', N'', N'East Java'),"
Pede Cum Sociis PC,1979,,Atacama,,,,"(N'Pede Cum Sociis PC', N'1979', N'', N'Atacama'),"
Cum Sociis Natoque Ltd,1929,,FATA,,,,"(N'Cum Sociis Natoque Ltd', N'1929', N'', N'FATA'),"
Viverra Institute,1966,,Saskatchewan,,,,"(N'Viverra Institute', N'1966', N'', N'Saskatchewan'),"
Cursus Diam At LLP,1995,,Antwerpen,,,,"(N'Cursus Diam At LLP', N'1995', N'', N'Antwerpen'),"
Orci In Corporation,2002,,North Chungcheong,,,,"(N'Orci In Corporation', N'2002', N'', N'North Chungcheong'),"
Suspendisse Aliquet Associates,1931,,Illinois,,,,"(N'Suspendisse Aliquet Associates', N'1931', N'', N'Illinois'),"
Cursus Vestibulum Incorporated,1974,1963,Sơn La,,,,"(N'Cursus Vestibulum Incorporated', N'1974', N'1963', N'Sơn La'),"
A Purus Duis LLC,1920,1959,Leinster,,,,"(N'A Purus Duis LLC', N'1920', N'1959', N'Leinster'),"
Donec Vitae Erat Associates,1994,1979,Champagne-Ardenne,,,,"(N'Donec Vitae Erat Associates', N'1994', N'1979', N'Champagne-Ardenne'),"
Placerat Augue Corp.,1907,1942,Tarapacá,,,,"(N'Placerat Augue Corp.', N'1907', N'1942', N'Tarapacá'),"
Congue Elit Sed Foundation,1967,1982,Abruzzo,,,,"(N'Congue Elit Sed Foundation', N'1967', N'1982', N'Abruzzo'),"
Sagittis PC,1943,,Şanlıurfa,,,,"(N'Sagittis PC', N'1943', N'', N'Şanlıurfa'),"
Id Magna Et Associates,2018,1987,Inverness-shire,,,,"(N'Id Magna Et Associates', N'2018', N'1987', N'Inverness-shire'),"
Metus Vitae Velit Corp.,2006,,Georgia,,,,"(N'Metus Vitae Velit Corp.', N'2006', N'', N'Georgia'),"
Ut Nisi A Industries,1954,1935,Ryazan Oblast,,,,"(N'Ut Nisi A Industries', N'1954', N'1935', N'Ryazan Oblast'),"
Vulputate Incorporated,1901,1945,Puebla,,,,"(N'Vulputate Incorporated', N'1901', N'1945', N'Puebla'),"
Nunc Ullamcorper Company,1946,1980,Gävleborgs län,,,,"(N'Nunc Ullamcorper Company', N'1946', N'1980', N'Gävleborgs län'),"
Ornare Elit Limited,1992,,Cà Mau,,,,"(N'Ornare Elit Limited', N'1992', N'', N'Cà Mau'),"
Sem Consulting,1989,2014,North Island,,,,"(N'Sem Consulting', N'1989', N'2014', N'North Island'),"
Dictum Phasellus LLC,1938,1954,Basilicata,,,,"(N'Dictum Phasellus LLC', N'1938', N'1954', N'Basilicata'),"
Dapibus PC,1979,1913,Luxemburg,,,,"(N'Dapibus PC', N'1979', N'1913', N'Luxemburg'),"
Venenatis A Magna Company,1966,,Minas Gerais,,,,"(N'Venenatis A Magna Company', N'1966', N'', N'Minas Gerais'),"
Varius Orci LLC,1970,1944,Sverdlovsk Oblast,,,,"(N'Varius Orci LLC', N'1970', N'1944', N'Sverdlovsk Oblast'),"
Velit Egestas Institute,1928,1977,Tyrol,,,,"(N'Velit Egestas Institute', N'1928', N'1977', N'Tyrol'),"
Vitae Aliquam Inc.,1956,,Zhytomyr oblast,,,,"(N'Vitae Aliquam Inc.', N'1956', N'', N'Zhytomyr oblast'),"
Faucibus Ut Nulla Ltd,2013,1927,Balochistan,,,,"(N'Faucibus Ut Nulla Ltd', N'2013', N'1927', N'Balochistan'),"
Purus Corporation,1950,,Konya,,,,"(N'Purus Corporation', N'1950', N'', N'Konya'),"
Vel Pede Blandit Associates,1966,,Chihuahua,,,,"(N'Vel Pede Blandit Associates', N'1966', N'', N'Chihuahua'),"
Orci Corporation,1909,,Chelyabinsk Oblast,,,,"(N'Orci Corporation', N'1909', N'', N'Chelyabinsk Oblast'),"
Leo Elementum Industries,2017,,Luxemburg,,,,"(N'Leo Elementum Industries', N'2017', N'', N'Luxemburg'),"
Egestas Aliquam LLC,1970,,Gujarat,,,,"(N'Egestas Aliquam LLC', N'1970', N'', N'Gujarat'),"
Massa Non Corp.,1974,,Free State,,,,"(N'Massa Non Corp.', N'1974', N'', N'Free State'),"
Luctus Lobortis Class PC,1991,,North Island,,,,"(N'Luctus Lobortis Class PC', N'1991', N'', N'North Island'),"
Nec Limited,2016,,Gaziantep,,,,"(N'Nec Limited', N'2016', N'', N'Gaziantep'),"
Aenean Egestas Foundation,1983,,Brecknockshire,,,,"(N'Aenean Egestas Foundation', N'1983', N'', N'Brecknockshire'),"
Et Corporation,1984,,Cordillera Administrative Region,,,,"(N'Et Corporation', N'1984', N'', N'Cordillera Administrative Region'),"
Lorem Vitae Incorporated,1979,,O'Higgins,,,,"(N'Lorem Vitae Incorporated', N'1979', N'', N'O'Higgins'),"
Mauris Morbi Limited,1931,,Møre og Romsdal,,,,"(N'Mauris Morbi Limited', N'1931', N'', N'Møre og Romsdal'),"
Taciti Foundation,1960,,Central Region,,,,"(N'Taciti Foundation', N'1960', N'', N'Central Region'),"
Egestas A Scelerisque Limited,1970,,Saarland,,,,"(N'Egestas A Scelerisque Limited', N'1970', N'', N'Saarland'),"
Lectus Pede LLC,1952,,Sląskie,,,,"(N'Lectus Pede LLC', N'1952', N'', N'Sląskie'),"
Pharetra Felis Associates,1947,,Guainía,,,,"(N'Pharetra Felis Associates', N'1947', N'', N'Guainía'),"
Arcu Vel Quam LLC,1912,,Southwestern Tagalog Region,,,,"(N'Arcu Vel Quam LLC', N'1912', N'', N'Southwestern Tagalog Region'),"
Et Risus Incorporated,1961,,New South Wales,,,,"(N'Et Risus Incorporated', N'1961', N'', N'New South Wales'),"
Venenatis Vel LLC,1955,,New Brunswick,,,,"(N'Venenatis Vel LLC', N'1955', N'', N'New Brunswick'),"
Nec Urna Suscipit Foundation,2006,,Leinster,,,,"(N'Nec Urna Suscipit Foundation', N'2006', N'', N'Leinster'),"
Magnis Dis Institute,1964,,Cundinamarca,,,,"(N'Magnis Dis Institute', N'1964', N'', N'Cundinamarca'),"
Magna A Neque Industries,1991,,North Chungcheong,,,,"(N'Magna A Neque Industries', N'1991', N'', N'North Chungcheong'),"
Ornare In Corp.,2016,,Oaxaca,,,,"(N'Ornare In Corp.', N'2016', N'', N'Oaxaca'),"
Fusce Mollis Duis Corp.,2020,,Kogi,,,,"(N'Fusce Mollis Duis Corp.', N'2020', N'', N'Kogi'),"
Amet Consectetuer Adipiscing LLP,1950,,Manitoba,,,,"(N'Amet Consectetuer Adipiscing LLP', N'1950', N'', N'Manitoba'),"
Adipiscing Lobortis LLP,1915,,Kincardineshire,,,,"(N'Adipiscing Lobortis LLP', N'1915', N'', N'Kincardineshire'),"
Fermentum Vel Foundation,1977,,Florida,,,,"(N'Fermentum Vel Foundation', N'1977', N'', N'Florida'),"
Sit Amet Ante Incorporated,1951,,Hessen,,,,"(N'Sit Amet Ante Incorporated', N'1951', N'', N'Hessen'),"
Eu Corporation,1973,,Zakarpattia oblast,,,,"(N'Eu Corporation', N'1973', N'', N'Zakarpattia oblast'),"
Lacus Quisque Imperdiet Ltd,1944,,Waals-Brabant,,,,"(N'Lacus Quisque Imperdiet Ltd', N'1944', N'', N'Waals-Brabant'),"
Sed Facilisis Industries,1949,,Vestland,,,,"(N'Sed Facilisis Industries', N'1949', N'', N'Vestland'),"
Felis Eget Ltd,1975,1950,Trøndelag,,,,"(N'Felis Eget Ltd', N'1975', N'1950', N'Trøndelag'),"
Aliquet Phasellus Industries,2006,1995,Florida,,,,"(N'Aliquet Phasellus Industries', N'2006', N'1995', N'Florida'),"
Arcu Aliquam Company,1910,,Utah,,,,"(N'Arcu Aliquam Company', N'1910', N'', N'Utah'),"
Nulla Industries,1992,,Nuevo León,,,,"(N'Nulla Industries', N'1992', N'', N'Nuevo León'),"
Ante Institute,1916,,Bicol Region,,,,"(N'Ante Institute', N'1916', N'', N'Bicol Region'),"
Diam Lorem Industries,2001,,Paraíba,,,,"(N'Diam Lorem Industries', N'2001', N'', N'Paraíba'),"
Vestibulum Accumsan PC,2021,1967,Smolensk Oblast,,,,"(N'Vestibulum Accumsan PC', N'2021', N'1967', N'Smolensk Oblast'),"
Lacus Ltd,1974,1913,Zaporizhzhia oblast,,,,"(N'Lacus Ltd', N'1974', N'1913', N'Zaporizhzhia oblast'),"
Maecenas Mi Inc.,2005,1901,North-East Region,,,,"(N'Maecenas Mi Inc.', N'2005', N'1901', N'North-East Region'),"
Amet Ornare Corp.,1910,2020,Xīnán,,,,"(N'Amet Ornare Corp.', N'1910', N'2020', N'Xīnán'),"
Nisi Magna Associates,1934,1989,Munster,,,,"(N'Nisi Magna Associates', N'1934', N'1989', N'Munster'),"
Libero Dui Associates,2009,1986,Gilgit Baltistan,,,,"(N'Libero Dui Associates', N'2009', N'1986', N'Gilgit Baltistan'),"
Ante Incorporated,1936,1971,West Sumatra,,,,"(N'Ante Incorporated', N'1936', N'1971', N'West Sumatra'),"
Proin Vel Consulting,1956,,Sicilia,,,,"(N'Proin Vel Consulting', N'1956', N'', N'Sicilia'),"
Pharetra Nam Corporation,1976,,Lambayeque,,,,"(N'Pharetra Nam Corporation', N'1976', N'', N'Lambayeque'),"
Hendrerit Corp.,1949,1926,Gyeonggi,,,,"(N'Hendrerit Corp.', N'1949', N'1926', N'Gyeonggi'),"
Eu Limited,1994,1923,North Chungcheong,,,,"(N'Eu Limited', N'1994', N'1923', N'North Chungcheong'),"
Nunc Institute,1992,,Ulster,,,,"(N'Nunc Institute', N'1992', N'', N'Ulster'),"
Eu Corporation,1949,1983,Northwest Territories,,,,"(N'Eu Corporation', N'1949', N'1983', N'Northwest Territories'),"
Diam Dictum Industries,1972,1912,Zamboanga Peninsula,,,,"(N'Diam Dictum Industries', N'1972', N'1912', N'Zamboanga Peninsula'),"
Est Ac Company,1928,1971,Xīnán,,,,"(N'Est Ac Company', N'1928', N'1971', N'Xīnán'),"
Enim Nisl Corp.,1984,,Magallanes y Antártica Chilena,,,,"(N'Enim Nisl Corp.', N'1984', N'', N'Magallanes y Antártica Chilena'),"
Mollis Vitae Posuere Ltd,1972,,Alajuela,,,,"(N'Mollis Vitae Posuere Ltd', N'1972', N'', N'Alajuela'),"
Facilisis Lorem LLC,1968,,Dnipropetrovsk oblast,,,,"(N'Facilisis Lorem LLC', N'1968', N'', N'Dnipropetrovsk oblast'),"
Tempus Lorem Corporation,1992,,Nagaland,,,,"(N'Tempus Lorem Corporation', N'1992', N'', N'Nagaland'),"
Ac Libero Ltd,2005,1961,North West,,,,"(N'Ac Libero Ltd', N'2005', N'1961', N'North West'),"
Arcu Ac Incorporated,1973,2002,Herefordshire,,,,"(N'Arcu Ac Incorporated', N'1973', N'2002', N'Herefordshire'),"
Nibh Phasellus Incorporated,1992,1981,Rajasthan,,,,"(N'Nibh Phasellus Incorporated', N'1992', N'1981', N'Rajasthan'),"
Inceptos Hymenaeos Mauris Associates,1992,,South Island,,,,"(N'Inceptos Hymenaeos Mauris Associates', N'1992', N'', N'South Island'),"
Ipsum Ac LLP,1995,2001,Alajuela,,,,"(N'Ipsum Ac LLP', N'1995', N'2001', N'Alajuela'),"
Hendrerit A Arcu PC,1992,2007,Oslo,,,,"(N'Hendrerit A Arcu PC', N'1992', N'2007', N'Oslo'),"
Nibh Enim Ltd,2012,1993,Rostov Oblast,,,,"(N'Nibh Enim Ltd', N'2012', N'1993', N'Rostov Oblast'),"
Donec Elementum Lorem LLP,1921,1977,Vorarlberg,,,,"(N'Donec Elementum Lorem LLP', N'1921', N'1977', N'Vorarlberg'),"
Ut Pharetra Inc.,1909,1959,Arequipa,,,,"(N'Ut Pharetra Inc.', N'1909', N'1959', N'Arequipa'),"
Elit Pellentesque Corporation,2013,2016,Munster,,,,"(N'Elit Pellentesque Corporation', N'2013', N'2016', N'Munster'),"
Lorem Ipsum Ltd,2018,,Prince Edward Island,,,,"(N'Lorem Ipsum Ltd', N'2018', N'', N'Prince Edward Island'),"
Morbi Associates,2002,1931,Aragón,,,,"(N'Morbi Associates', N'2002', N'1931', N'Aragón'),"
Facilisis Facilisis Institute,1994,,Tolima,,,,"(N'Facilisis Facilisis Institute', N'1994', N'', N'Tolima'),"
Nisi A Institute,1914,1913,Pará,,,,"(N'Nisi A Institute', N'1914', N'1913', N'Pará'),"
Elit Curabitur Incorporated,1958,1969,Australian Capital Territory,,,,"(N'Elit Curabitur Incorporated', N'1958', N'1969', N'Australian Capital Territory'),"
Nunc Associates,1967,1906,Oyo,,,,"(N'Nunc Associates', N'1967', N'1906', N'Oyo'),"
Iaculis LLC,1968,1905,Cartago,,,,"(N'Iaculis LLC', N'1968', N'1905', N'Cartago'),"
Rhoncus Proin Nisl Foundation,1957,1934,Cà Mau,,,,"(N'Rhoncus Proin Nisl Foundation', N'1957', N'1934', N'Cà Mau'),"
Dictum Proin Industries,1994,,West Kalimantan,,,,"(N'Dictum Proin Industries', N'1994', N'', N'West Kalimantan'),"
Tortor Corporation,2012,1961,Munster,,,,"(N'Tortor Corporation', N'2012', N'1961', N'Munster'),"
Litora Corporation,1996,1940,Veracruz,,,,"(N'Litora Corporation', N'1996', N'1940', N'Veracruz'),"
Arcu LLP,1973,1912,Mecklenburg-Vorpommern,,,,"(N'Arcu LLP', N'1973', N'1912', N'Mecklenburg-Vorpommern'),"
Libero Est Congue PC,1973,,Dalarnas län,,,,"(N'Libero Est Congue PC', N'1973', N'', N'Dalarnas län'),"
Aliquet Molestie Corporation,2016,2007,Uttar Pradesh,,,,"(N'Aliquet Molestie Corporation', N'2016', N'2007', N'Uttar Pradesh'),"
Iaculis Aliquet Corp.,1985,1941,Dalarnas län,,,,"(N'Iaculis Aliquet Corp.', N'1985', N'1941', N'Dalarnas län'),"
Donec Elementum Foundation,1924,1914,Lambayeque,,,,"(N'Donec Elementum Foundation', N'1924', N'1914', N'Lambayeque'),"
Orci Sem Associates,1999,1957,Bali,,,,"(N'Orci Sem Associates', N'1999', N'1957', N'Bali'),"
Gravida Mauris Ut Foundation,1964,2015,Special Capital Region of Jakarta,,,,"(N'Gravida Mauris Ut Foundation', N'1964', N'2015', N'Special Capital Region of Jakarta'),"
Dictum PC,1946,2015,Guaviare,,,,"(N'Dictum PC', N'1946', N'2015', N'Guaviare'),"
Mauris Nulla Company,1983,1902,Free State,,,,"(N'Mauris Nulla Company', N'1983', N'1902', N'Free State'),"
Gravida LLC,1927,1969,Zaporizhzhia oblast,,,,"(N'Gravida LLC', N'1927', N'1969', N'Zaporizhzhia oblast'),"
Ligula Nullam Feugiat Limited,1997,1943,Dōngběi,,,,"(N'Ligula Nullam Feugiat Limited', N'1997', N'1943', N'Dōngběi'),"
Feugiat Incorporated,2004,1969,Special Region of Yogyakarta,,,,"(N'Feugiat Incorporated', N'2004', N'1969', N'Special Region of Yogyakarta'),"
Eu Erat Industries,1976,,Zuid Holland,,,,"(N'Eu Erat Industries', N'1976', N'', N'Zuid Holland'),"
Egestas Nunc Ltd,1919,1997,Puno,,,,"(N'Egestas Nunc Ltd', N'1919', N'1997', N'Puno'),"
Eleifend Cras Inc.,1925,1988,Northamptonshire,,,,"(N'Eleifend Cras Inc.', N'1925', N'1988', N'Northamptonshire'),"
Lectus PC,1990,1952,Coquimbo,,,,"(N'Lectus PC', N'1990', N'1952', N'Coquimbo'),"
Leo Consulting,2004,,West-Vlaanderen,,,,"(N'Leo Consulting', N'2004', N'', N'West-Vlaanderen'),"
Feugiat Placerat Consulting,1991,1930,Soccsksargen,,,,"(N'Feugiat Placerat Consulting', N'1991', N'1930', N'Soccsksargen'),"
Quam A Felis Institute,1973,1977,Bắc Giang,,,,"(N'Quam A Felis Institute', N'1973', N'1977', N'Bắc Giang'),"
Eu Enim Etiam Foundation,1916,1964,South Island,,,,"(N'Eu Enim Etiam Foundation', N'1916', N'1964', N'South Island'),"
Tortor Corporation,2011,,Australian Capital Territory,,,,"(N'Tortor Corporation', N'2011', N'', N'Australian Capital Territory'),"
Semper Dui Lectus Ltd,2005,,Karnataka,,,,"(N'Semper Dui Lectus Ltd', N'2005', N'', N'Karnataka'),"
Et Magnis Dis Ltd,1992,2002,Bicol Region,,,,"(N'Et Magnis Dis Ltd', N'1992', N'2002', N'Bicol Region'),"
Tellus Suspendisse Sed LLP,1925,1905,Manisa,,,,"(N'Tellus Suspendisse Sed LLP', N'1925', N'1905', N'Manisa'),"
Ut Associates,1932,2019,Oost-Vlaanderen,,,,"(N'Ut Associates', N'1932', N'2019', N'Oost-Vlaanderen'),"
Molestie Orci Corp.,1926,1933,East Region,,,,"(N'Molestie Orci Corp.', N'1926', N'1933', N'East Region'),"
Sagittis Nullam LLP,2015,1961,Tasmania,,,,"(N'Sagittis Nullam LLP', N'2015', N'1961', N'Tasmania'),"
Luctus Felis Purus Industries,1922,,Meta,,,,"(N'Luctus Felis Purus Industries', N'1922', N'', N'Meta'),"
Eu Euismod Ac LLC,1971,,Dnipropetrovsk oblast,,,,"(N'Eu Euismod Ac LLC', N'1971', N'', N'Dnipropetrovsk oblast'),"
Sapien Molestie PC,2015,,Salzburg,,,,"(N'Sapien Molestie PC', N'2015', N'', N'Salzburg'),"
Ultrices Corp.,1936,,Heredia,,,,"(N'Ultrices Corp.', N'1936', N'', N'Heredia'),"
Velit Eu Corp.,1956,,Maharastra,,,,"(N'Velit Eu Corp.', N'1956', N'', N'Maharastra'),"
Fermentum Corporation,1931,,Angus,,,,"(N'Fermentum Corporation', N'1931', N'', N'Angus'),"
Enim LLC,1906,,FATA,,,,"(N'Enim LLC', N'1906', N'', N'FATA'),"
Sed Turpis LLP,2010,,Antioquia,,,,"(N'Sed Turpis LLP', N'2010', N'', N'Antioquia'),"
Sit Limited,1976,,Quảng Bình,,,,"(N'Sit Limited', N'1976', N'', N'Quảng Bình'),"
Sapien Aenean LLC,1943,,Lower Austria,,,,"(N'Sapien Aenean LLC', N'1943', N'', N'Lower Austria'),"
Facilisis Magna Industries,2010,,Adana,,,,"(N'Facilisis Magna Industries', N'2010', N'', N'Adana'),"
A Sollicitudin Limited,2018,,Maranhão,,,,"(N'A Sollicitudin Limited', N'2018', N'', N'Maranhão'),"
Sodales Elit Inc.,1957,,Limburg,,,,"(N'Sodales Elit Inc.', N'1957', N'', N'Limburg'),"
Posuere At Velit LLP,1951,,Pará,,,,"(N'Posuere At Velit LLP', N'1951', N'', N'Pará'),"
Morbi Non Sapien LLC,2006,,East Nusa Tenggara,,,,"(N'Morbi Non Sapien LLC', N'2006', N'', N'East Nusa Tenggara'),"
Euismod Corporation,1901,,Denbighshire,,,,"(N'Euismod Corporation', N'1901', N'', N'Denbighshire'),"
Sem Foundation,1919,,Nizhny Novgorod Oblast,,,,"(N'Sem Foundation', N'1919', N'', N'Nizhny Novgorod Oblast'),"
Semper LLP,1992,,Australian Capital Territory,,,,"(N'Semper LLP', N'1992', N'', N'Australian Capital Territory'),"
Cras Foundation,1918,2019,Upper Austria,,,,"(N'Cras Foundation', N'1918', N'2019', N'Upper Austria'),"
Vel LLP,2015,1952,Munster,,,,"(N'Vel LLP', N'2015', N'1952', N'Munster'),"
Auctor Odio Corporation,1935,1965,Henegouwen,,,,"(N'Auctor Odio Corporation', N'1935', N'1965', N'Henegouwen'),"
Nunc Commodo Institute,2004,,Rio Grande do Sul,,,,"(N'Nunc Commodo Institute', N'2004', N'', N'Rio Grande do Sul'),"
Molestie Institute,2001,1984,Maule,,,,"(N'Molestie Institute', N'2001', N'1984', N'Maule'),"
Odio Company,1992,1928,Huáběi,,,,"(N'Odio Company', N'1992', N'1928', N'Huáběi'),"
Blandit Mattis Corporation,2005,,Mizoram,,,,"(N'Blandit Mattis Corporation', N'2005', N'', N'Mizoram'),"
Euismod Et Industries,1973,2020,Northamptonshire,,,,"(N'Euismod Et Industries', N'1973', N'2020', N'Northamptonshire'),"
Ut Pharetra Sed LLP,1941,1941,FATA,,,,"(N'Ut Pharetra Sed LLP', N'1941', N'1941', N'FATA'),"
Nulla Integer Vulputate Limited,1977,1928,Limburg,,,,"(N'Nulla Integer Vulputate Limited', N'1977', N'1928', N'Limburg'),"
Amet Massa Quisque PC,1963,2006,Alberta,,,,"(N'Amet Massa Quisque PC', N'1963', N'2006', N'Alberta'),"
Cursus Nunc Institute,1959,1966,North Island,,,,"(N'Cursus Nunc Institute', N'1959', N'1966', N'North Island'),"
Faucibus Ut Nulla Incorporated,1905,,Lampung,,,,"(N'Faucibus Ut Nulla Incorporated', N'1905', N'', N'Lampung'),"
Enim Non Inc.,1901,1941,Arequipa,,,,"(N'Enim Non Inc.', N'1901', N'1941', N'Arequipa'),"
Consequat Purus Foundation,2011,2018,Tomsk Oblast,,,,"(N'Consequat Purus Foundation', N'2011', N'2018', N'Tomsk Oblast'),"
Nisl Sem Consulting,1972,2015,San Luis Potosí,,,,"(N'Nisl Sem Consulting', N'1972', N'2015', N'San Luis Potosí'),"
Diam PC,1914,1910,Podkarpackie,,,,"(N'Diam PC', N'1914', N'1910', N'Podkarpackie'),"
Cursus Consulting,1926,1952,Davao Region,,,,"(N'Cursus Consulting', N'1926', N'1952', N'Davao Region'),"
Nulla Integer Urna Industries,1932,1906,Cundinamarca,,,,"(N'Nulla Integer Urna Industries', N'1932', N'1906', N'Cundinamarca'),"
Nunc Ullamcorper Industries,1933,1957,Central Region,,,,"(N'Nunc Ullamcorper Industries', N'1933', N'1957', N'Central Region'),"
Nibh Institute,1996,1904,Lower Austria,,,,"(N'Nibh Institute', N'1996', N'1904', N'Lower Austria'),"
Tempus Foundation,2013,1987,Guanacaste,,,,"(N'Tempus Foundation', N'2013', N'1987', N'Guanacaste'),"
Ornare Libero At Corp.,1931,1990,Provence-Alpes-Côte d'Azur,,,,"(N'Ornare Libero At Corp.', N'1931', N'1990', N'Provence-Alpes-Côte d'Azur'),"
Rutrum Fusce Dolor PC,1921,,La Libertad,,,,"(N'Rutrum Fusce Dolor PC', N'1921', N'', N'La Libertad'),"
Varius Institute,2001,1979,Vaupés,,,,"(N'Varius Institute', N'2001', N'1979', N'Vaupés'),"
Nulla Donec Corporation,1957,1941,Santa Catarina,,,,"(N'Nulla Donec Corporation', N'1957', N'1941', N'Santa Catarina'),"
Est Corp.,1970,1995,Khyber Pakhtoonkhwa,,,,"(N'Est Corp.', N'1970', N'1995', N'Khyber Pakhtoonkhwa'),"
Cras Convallis LLC,2002,2001,Novgorod Oblast,,,,"(N'Cras Convallis LLC', N'2002', N'2001', N'Novgorod Oblast'),"
Nunc Risus Ltd,2008,1946,Benue,,,,"(N'Nunc Risus Ltd', N'2008', N'1946', N'Benue'),"
Ultricies LLC,2011,,KwaZulu-Natal,,,,"(N'Ultricies LLC', N'2011', N'', N'KwaZulu-Natal'),"
Non Cursus PC,1909,1969,Abruzzo,,,,"(N'Non Cursus PC', N'1909', N'1969', N'Abruzzo'),"
Quam Foundation,2000,1991,Washington,,,,"(N'Quam Foundation', N'2000', N'1991', N'Washington'),"
Dui Augue Limited,1908,2005,Lower Austria,,,,"(N'Dui Augue Limited', N'1908', N'2005', N'Lower Austria'),"
Tortor Dictum Inc.,1958,1982,Minas Gerais,,,,"(N'Tortor Dictum Inc.', N'1958', N'1982', N'Minas Gerais'),"
Sapien Cursus LLP,1905,,Guanajuato,,,,"(N'Sapien Cursus LLP', N'1905', N'', N'Guanajuato'),"
Facilisis Suspendisse Inc.,1955,1953,Cartago,,,,"(N'Facilisis Suspendisse Inc.', N'1955', N'1953', N'Cartago'),"
Dis Parturient Montes Consulting,1954,1964,Puno,,,,"(N'Dis Parturient Montes Consulting', N'1954', N'1964', N'Puno'),"
Morbi Accumsan Industries,1974,,Western Australia,,,,"(N'Morbi Accumsan Industries', N'1974', N'', N'Western Australia'),"
A LLC,1940,,Piura,,,,"(N'A LLC', N'1940', N'', N'Piura'),"
Curabitur Ut Corp.,2006,1904,Dalarnas län,,,,"(N'Curabitur Ut Corp.', N'2006', N'1904', N'Dalarnas län'),"
Sapien Ltd,1982,,Đồng Nai,,,,"(N'Sapien Ltd', N'1982', N'', N'Đồng Nai'),"
Feugiat Metus Industries,2019,,Opolskie,,,,"(N'Feugiat Metus Industries', N'2019', N'', N'Opolskie'),"
Ut PC,2000,,Connacht,,,,"(N'Ut PC', N'2000', N'', N'Connacht'),"
Euismod Est Industries,1926,,Niedersachsen,,,,"(N'Euismod Est Industries', N'1926', N'', N'Niedersachsen'),"
Vel Arcu Curabitur Corp.,1937,1944,Lambayeque,,,,"(N'Vel Arcu Curabitur Corp.', N'1937', N'1944', N'Lambayeque'),"
Vitae Sodales PC,2007,1957,Adana,,,,"(N'Vitae Sodales PC', N'2007', N'1957', N'Adana'),"
Cursus Ltd,1923,2007,Corse,,,,"(N'Cursus Ltd', N'1923', N'2007', N'Corse'),"
Augue LLC,2019,1922,Connacht,,,,"(N'Augue LLC', N'2019', N'1922', N'Connacht'),"
Ornare Facilisis Consulting,1908,2010,Central Kalimantan,,,,"(N'Ornare Facilisis Consulting', N'1908', N'2010', N'Central Kalimantan'),"
Quam A Felis Consulting,1943,2021,Hamburg,,,,"(N'Quam A Felis Consulting', N'1943', N'2021', N'Hamburg'),"
Amet Ultricies Foundation,2000,1958,Niedersachsen,,,,"(N'Amet Ultricies Foundation', N'2000', N'1958', N'Niedersachsen'),"
Cras Dolor Company,1905,,Małopolskie,,,,"(N'Cras Dolor Company', N'1905', N'', N'Małopolskie'),"
Metus Vivamus Euismod LLC,2006,,Ternopil oblast,,,,"(N'Metus Vivamus Euismod LLC', N'2006', N'', N'Ternopil oblast'),"
Quisque Corporation,2004,1994,Soccsksargen,,,,"(N'Quisque Corporation', N'2004', N'1994', N'Soccsksargen'),"
Lacus Pede PC,1904,1944,Veracruz,,,,"(N'Lacus Pede PC', N'1904', N'1944', N'Veracruz'),"
Posuere Cubilia Curae Ltd,1955,,Jeju,,,,"(N'Posuere Cubilia Curae Ltd', N'1955', N'', N'Jeju'),"
Egestas Duis Ltd,1900,2019,Chernihiv oblast,,,,"(N'Egestas Duis Ltd', N'1900', N'2019', N'Chernihiv oblast'),"
Torquent Per Conubia Inc.,1915,1950,Maluku,,,,"(N'Torquent Per Conubia Inc.', N'1915', N'1950', N'Maluku'),"
Amet Inc.,1933,1966,Midi-Pyrénées,,,,"(N'Amet Inc.', N'1933', N'1966', N'Midi-Pyrénées'),"
Nunc Interdum Inc.,2019,1946,North-East Region,,,,"(N'Nunc Interdum Inc.', N'2019', N'1946', N'North-East Region'),"
Augue Id Ante Company,1931,,Swiętokrzyskie,,,,"(N'Augue Id Ante Company', N'1931', N'', N'Swiętokrzyskie'),"
Maecenas Libero Est Inc.,1972,1974,North Region,,,,"(N'Maecenas Libero Est Inc.', N'1972', N'1974', N'North Region'),"
Odio A Associates,2004,1979,Antwerpen,,,,"(N'Odio A Associates', N'2004', N'1979', N'Antwerpen'),"
Aliquet Lobortis Corp.,1934,1954,Warmińsko-mazurskie,,,,"(N'Aliquet Lobortis Corp.', N'1934', N'1954', N'Warmińsko-mazurskie'),"
Netus Et Malesuada LLC,1959,,Ceará,,,,"(N'Netus Et Malesuada LLC', N'1959', N'', N'Ceará'),"
Quis Turpis Inc.,1923,1978,Connacht,,,,"(N'Quis Turpis Inc.', N'1923', N'1978', N'Connacht'),"
Vitae Semper Industries,1959,,Western Cape,,,,"(N'Vitae Semper Industries', N'1959', N'', N'Western Cape'),"
Interdum Corp.,1936,1927,Connacht,,,,"(N'Interdum Corp.', N'1936', N'1927', N'Connacht'),"
Quis Pede Company,2015,2019,Antalya,,,,"(N'Quis Pede Company', N'2015', N'2019', N'Antalya'),"
Tincidunt Corp.,1999,1923,Lambayeque,,,,"(N'Tincidunt Corp.', N'1999', N'1923', N'Lambayeque'),"
Lorem Semper LLP,1945,,Jönköpings län,,,,"(N'Lorem Semper LLP', N'1945', N'', N'Jönköpings län'),"
At Augue Inc.,1964,1915,Minas Gerais,,,,"(N'At Augue Inc.', N'1964', N'1915', N'Minas Gerais'),"
Mi Tempor Ltd,1982,1915,Troms og Finnmark,,,,"(N'Mi Tempor Ltd', N'1982', N'1915', N'Troms og Finnmark'),"
Quam Corporation,1953,1935,Molise,,,,"(N'Quam Corporation', N'1953', N'1935', N'Molise'),"
Vivamus Nisi Associates,1991,1963,Lubelskie,,,,"(N'Vivamus Nisi Associates', N'1991', N'1963', N'Lubelskie'),"
Etiam Vestibulum PC,1939,1903,Chiapas,,,,"(N'Etiam Vestibulum PC', N'1939', N'1903', N'Chiapas'),"
Ac Urna Ut Associates,1961,,Pomorskie,,,,"(N'Ac Urna Ut Associates', N'1961', N'', N'Pomorskie'),"
Rutrum Urna LLC,1918,2004,Bursa,,,,"(N'Rutrum Urna LLC', N'1918', N'2004', N'Bursa'),"
Turpis Nulla Aliquet Limited,1973,1901,Swiętokrzyskie,,,,"(N'Turpis Nulla Aliquet Limited', N'1973', N'1901', N'Swiętokrzyskie'),"
Augue Id Corp.,1950,1956,Alajuela,,,,"(N'Augue Id Corp.', N'1950', N'1956', N'Alajuela'),"
